#Слова с занятий с Дашей, которые она будет проверять
#separator:Semicolon
#html:true
#tags:daria даша
#notetype:German
#columns:Front;Back;Example;ExampleTranslation;Notes;Synonym;Context;ContextTranslation
die Milch;молоко;;;;
der Husten;кашель;;;;
das Geschäft;магазин, бизнес;<i>Ich gehe in <b>das Geschäft</b>, um Brot zu kaufen.</i>;;;;
froh;рад;<i>Ich bin sehr <b>froh</b>, dich zu sehen.</i>;;;;
denken <b>an</b> + <i>Akk</i>;думать о чем-то/ком-то;<i>Ich <b>denke an</b> dich.</i>;;;;
die Stelle;место работы;<i>Er hat eine neue <b>Stelle</b> gefunden.</i>;;;;
die Entwicklung;развитие;<i>Die technische <b>Entwicklung</b> ist sehr schnell.</i>;;;;
erkennen;признавать;<i>Ich konnte ihn sofort <b>erkennen</b>.</i>;;;;
die Stadt;город;<i>Berlin ist eine große <b>Stadt</b>.</i>;;;;
der Staat;государство;<i>Der <b>Staat</b> hilft den Bürgern.</i>;;;;
das Gedicht;стихотворение;<i>Sie liest gern <b>Gedichte</b>.</i>;;;;
die Kindheit;детство;<i>Meine <b>Kindheit</b> war sehr schön.</i>;;;;
anrufen + <i>Akk</i>;звонить кому-то;<i>Ich muss meinen Freund <b>anrufen</b>.</i>;;;;
die Hilfe;помощь;<i>Vielen Dank für deine <b>Hilfe</b>.</i>;;;;
vorbereiten;подготавливать;<i>Ich muss mich auf die Prüfung <b>vorbereiten</b>.</i>;;;;
mieten;брать в аренду;<i>Wir wollen ein Auto <b>mieten</b>.</i>;;;;
der Weg;путь;<i>Der <b>Weg</b> zum Bahnhof ist nicht weit.</i>;;;;
übernachten;переночевать;<i>Wir werden im Hotel <b>übernachten</b>.</i>;;;;
führen;вести (за собой);<i>Der Lehrer kann die Gruppe <b>führen</b>.</i>;;;;
wählen;выбирать;<i>Welches Buch willst du <b>wählen</b>?</i>;;;;
der Bekannte;знакомый;<i>Ich habe einen neuen <b>Bekannten</b>.</i>;;;;
die Wissenschaft;наука;<i><b>Wissenschaft</b> ist sehr wichtig für die Zukunft.</i>;;;;
halten;держать;<i>Kannst du das bitte kurz <b>halten</b>?</i>;;;;
das Gleichgewicht;баланс;<i>Er hat das <b>Gleichgewicht</b> verloren.</i>;;;;
teilweise;частично;<i>Das Ergebnis ist nur <b>teilweise</b> korrekt.</i>;;;;
sich erholen;отдыхать;<i>Ich möchte mich im Urlaub <b>erholen</b>.</i>;;;;
die Wirtschaft;экономика;<i>Die <b>Wirtschaft</b> wächst langsam.</i>;;;;
betragen;сопоставлять;<i>Die Kosten <b>betragen</b> 100 Euro.</i>;;;;
bestehen <b>aus</b> + <i>Dat</i>;состоять из чего-либо;<i>Das Team <b>besteht aus</b> fünf Personen.</i>;;;;
unterschiedlich;разнообразный;<i>Die Meinungen sind sehr <b>unterschiedlich</b>.</i>;;;;
achten <b>auf</b> + <i>Akk</i>;обращать внимание на что-то;<i>Bitte <b>achten Sie auf</b> den Verkehr.</i>;;;;
wegwerfen;выбрасывать;<i>Du sollst den Müll nicht einfach <b>wegwerfen</b>.</i>;;отделяемая приставка <b>teil<b>;;

fühlen sich;чувствовать себя;<i>Nach einem langen Arbeitstag <b>fühle ich mich</b> müde.</i>;;;;
schwach;слабый;<i>Er ist nach der Krankheit noch <b>schwach</b>.</i>;;;;
erholen sich;отдыхать;<i>Wir <b>erholen uns</b> am Wochenende am Meer.</i>;;;;
die Entscheidung treffen;принимать решение;<i>Wir müssen bald <b>eine Entscheidung treffen</b>.</i>;;;;
die Vergangenheit;прошлое;<i>Wir sprechen oft über <b>die Vergangenheit</b>.</i>;;;;
die Gegenwart;настоящее;<i>Manchmal ist es wichtig, im Moment, in <b>der Gegenwart</b>, zu leben.</i>;;;;
die Zukunft;будущее;<i>Was denkst du über <b>die Zukunft</b>?</i>;;;;
die Prüfung;экзамен;<i>Morgen habe ich eine schwierige <b>Prüfung</b>.</i>;;;;
prüfen;проверять;<i>Der Lehrer wird meine Hausaufgaben <b>prüfen</b>.</i>;;;;
übermorgen;послезавтра;<i>Ich fliege <b>übermorgen</b> nach Hause.</i>;;;;
vorgestern;позавчера;<i>Wir haben uns <b>vorgestern</b> im Café getroffen.</i>;;;;
mühegeben;прикладывать усилия;;;;;

ziemlich;достаточно;<i>Das ist <b>ziemlich</b> einfach.</i>;<i>Это <b>достаточно</b> просто.</i>;;;
die Gewohnheit;привычка;<i>Ich habe die <b>Gewohnheit</b>, morgens Kaffee zu trinken.</i>;<i>У меня есть <b>привычка</b> пить кофе по утрам.</i>;;;
sich gewöhnen <b>an</b> + <i>Akk</i>;привыкать к чему-то;<i>Ich kann <b>mich</b> nicht an die Kälte <b>gewöhnen</b>.</i>;<i>Я не могу <b>привыкнуть к</b> холоду.</i>;;;
auf dem Lande;за городом;<i>Wir wohnen jetzt <b>auf dem Lande</b>.</i>;<i>Мы сейчас живем <b>за городом</b>.</i>;;;
ausfragen;распрашивать;<i>Der Polizist <b>fragte</b> den Zeugen <b>aus</b>.</i>;<i>Полицейский <b>расспрашивал</b> свидетеля.</i>;;;
angenehm;приятный;<i>Das Treffen war sehr <b>angenehm</b>.</i>;<i>Встреча была очень <b>приятной</b>.</i>;;;
die Abhängigkeit;зависимость;<i>Er hat eine <b>Abhängigkeit</b> von Kaffee.</i>;<i>У него есть <b>зависимость</b> от кофе.</i>;;;
überfordern;перенапрягать;<i>Die Arbeit <b>überfordert</b> mich.</i>;<i>Эта работа меня <b>перенапрягает</b>.</i>;;;

verbringen;проводить (время);<i>Wir <b>verbringen</b> den Urlaub in den Bergen.</i>;<i>Мы <b>проводим</b> отпуск в горах.</i>;;;
vorbereiten <b>auf</b> + <i>Dat</i>;подготавливаться к чему-то;<i>Sie <b>bereitet</b> sich auf die Prüfung <b>vor</b>.</i>;<i>Она <b>готовится к</b> экзамену.</i></i>;;;
aussagen;высказывать;<i>Ich kann nichts Konkretes darüber <b>aussagen</b>.</i><br /><i>Der Zeuge <b>sagt</b> vor Gericht <b>aus</b>.</i>;<i>Я не могу ничего конкретного об этом <b>высказать</b>.</i><br /><i>Свидетель <b>дает показания</b> в суде.</i>;;;
sich entscheiden;решаться (по отношению к себе);<i>Ich muss <b>mich entscheiden</b>, ob ich nach Berlin fahre oder nicht.</i><br /><i>Er kann <b>sich</b> nicht <b>entscheiden</b>, was er essen soll.</i>;<i>Я должен <b>решиться</b>, поеду я в Берлин или нет.</i><br /><i>Он не может <b>решиться</b>, что ему съесть.</i>;;;
teilen;делить;<i>Wir <b>teilen</b> die Pizza in vier Stücke.</i>;<i>Мы <b>делим</b> пиццу на четыре части.</i>;;;
mitteilen;поделиться (информацией);<i>Er hat mir eine wichtige Information <b>mitgeteilt</b>.</i>;<i>Он <b>сообщил</b> мне важную информацию.</i>;сам факт передачи, без акцента на том, как это будет воспринято или распространено дальше;;
bügeln;гладить;<i>Mein Vater <b>bügelt</b> immer seine Hemden selbst.</i>;<i>Мой отец всегда сам <b>гладит</b> свои рубашки.</i>;;;
gießen;поливать;<i>Vergiss nicht, die Blumen zu <b>gießen</b>.</i>;<i>Не забудь <b>поливать</b> цветы.</i>;;;
aufhellen;осветлять;<i>Die Sonne <b>hellt</b> den Himmel <b>auf</b>.</i>;<i>Солнце <b>осветляет</b> небо.</i>;;;
berufstätig;трудоустроенный;<i>Meine Mutter ist <b>berufstätig</b>.</i>;<i>Моя мама <b>работает</b> (трудоустроенная).</i>;;;
aussehen;выглядеть;<i>Du <b>siehst</b> heute gut <b>aus</b>.</i>;<i>Ты сегодня хорошо <b>выглядишь</b>.</i>;;;
abhängen <b>von</b> + <i>Dat</i>;зависеть от чего-то;<i>Der Erfolg <b>hängt von</b> dir <b>ab</b>.</i>;<i>Успех <b>зависит от</b> тебя.</i>;;;
faul;ленивый;<i>Er ist so <b>faul</b>, dass er heute nicht aufgestanden ist.</i>;<i>Он такой <b>ленивый</b>, что сегодня не встал.</i>;;;
ab und zu;время от времени;<i>Ich treffe <b>ab und zu</b> Freunde.</i>;<i>Я <b>время от времени</b> встречаюсь с друзьями.</i>;;;
sich kümmern <b>um</b> + <i>Akk</i>;заботиться о чем-то (ухаживать);<i>Ich <b>kümmere mich um</b> meine Katze.</i>;<i>Я <b>забочусь о</b> моей кошке.</i>;;;
die Sorge;забота, переживание;Ich habe viele <b>Sorgen</b>.;У меня много <b>забот</b>.;;;

zeigen;показывать;Kannst du mir bitte den Weg <b>zeigen</b>?;Можешь, пожалуйста, мне <b>показать</b> дорогу?;;;
sammeln;собирать;Die Kinder <b>sammeln</b> bunte Blätter.;Дети <b>собирают</b> разноцветные листья.;;;

lustig;весело;Das Buch ist sehr <b>lustig</b>.;Эта книга очень <b>смешная</b>.;;;
das Buch, die Bücher;книга,книги;Ich lese gern <b>Bücher</b>.;Я люблю читать <b>книги</b>.;;;
leistungsstark;мощный, производительный;Mein Computer ist sehr <b>leistungsstark</b>.;Мой компьютер очень <b>мощный</b>.;;;
leistungslos;бессильный;Nach dem langen Lauf fühlte ich mich völlig <b>leistungslos</b>.;После долгого бега я чувствовал себя совершенно <b>бессильным</b>.;;;
die Wohngemeinschaft;совместное проживание;Wir wohnen in einer <b>Wohngemeinschaft</b>.;Мы живём в <b>совместной квартире</b>.;;;
der Schriftsteller;писатель;Tolstoi war ein berühmter <b>Schriftsteller</b>.;Толстой был известным <b>писателем</b>.;;;
fest;твёрдый, решительный, закрепленный;Er steht zu seiner Meinung sehr <b>fest</b>.;Он очень <b>твёрдо</b> придерживается своего мнения.;;;

einfach;просто;Die Aufgabe ist <b>einfach</b>.;Задание <b>простое</b>.;;;;;
der Fehler;ошибка;Ich habe einen <b>Fehler</b> gemacht.;Я сделал <b>ошибку</b>.;;;;;
der Tagesablauf;распорядок дня;Mein <b>Tagesablauf</b> ist sehr strukturiert.<br />Erzähl mir von deinem typischen <b>Tagesablauf</b>.<br />Ein fester <b>Tagesablauf</b> hilft mir, produktiver zu sein.;Мой <b>распорядок дня</b> очень структурирован.<br />Расскажи мне о своем типичном <b>распорядке дня</b>.<br />Установленный <b>распорядок дня</b> помогает мне быть более продуктивным.;;;;;
schicken, senden;отправлять;Kannst du mir bitte eine E-Mail <b>schicken</b>?;Можешь, пожалуйста, мне <b>отправить</b> письмо?;;;;;

das Insekt;насекомое;Dieses <b>Insekt</b> hat sechs Beine.;У этого <b>насекомого</b> шесть ног.;;;;
vermitteln;передать (информацию), посредничать;Die Lehrerin <b>vermittelt</b> den Schülern neues Wissen.;Учительница <b>передаёт</b> ученикам новые знания.;не просто передача информации, а передача с определенной целью: посредничество, передача знаний;;;;
auszeichnen;оценивать, отмечать;Der Film wurde mit einem Preis <b>ausgezeichnet</b>. ;Фильм был <b>отмечен</b> премией.;;;;;
schmücken;украшать;Wir <b>schmücken</b> den Weihnachtsbaum.;Мы <b>украшаем</b> ёлку.;;;;;

enthalten;содержать;Dieses Buch <b>enthält</b> viele Bilder.;Эта книга <b>содержит</b> много картинок.;;;;;
die Aufgabe;задание;Die Lehrerin gibt den Schülern eine <b>Aufgabe</b>.;Учительница дала ученикам <b>задание</b>.;;;;;
die Herausforderung;вызов, испытание;Das Projekt ist eine große <b>Herausforderung</b>.;Этот проект — большое <b>испытание</b>.;;;;;
die Wand (die Wände);стена;Ein Bild hängt an der <b>Wand</b>.;Картина висит на <b>стене</b>.;;;;;

verarbeiten;перерабатывать;Der Computer kann große Datenmengen schnell <b>verarbeiten</b>.;Компьютер может быстро <b>перерабатывать</b> большие объемы данных.;;;;;
stolz sein;гордиться;Ich bin <b>stolz auf</b> dich.;Я <b>горжусь</b> тобой.;;;;
ablenken;отвлекать;Das laute Geräusch hat mich vom Lernen <b>abgelenkt</b>.;Громкий шум меня <b>отвлек</b> от учебы.;;;;;
einsam;одинокий;Er fühlt sich in der neuen Stadt sehr <b>einsam</b>.;В новом городе он чувствует себя очень <b>одиноким</b>.;;;;;
die Hektik;суета;Ich mag die <b>Hektik</b> der Großstadt nicht.;Мне не нравится <b>суета</b> большого города.;;;;;
der Inhalt;содержание;Der <b>Inhalt</b> des Buches ist sehr interessant.;<b>Содержание</b> книги очень интересное.;;;;;
überlegen;обдумывать;Ich muss mir die Entscheidung gut <b>überlegen</b>.;Мне нужно хорошо <b>обдумать</b> решение.;;;;;
verwirklichen;реализовывать;Er möchte seinen Traum <b>verwirklichen</b>.;Он хочет <b>реализовать</b> свою мечту.;;realisieren, ermöglichen;;;
ermöglichen;делать возможным;Ein Stipendium hat ihm das Studium <b>ermöglicht</b>.;Стипендия <b>сделала возможным</b> его учебу.;;;;;
die Zeitung;газета;Ich lese jeden Morgen die <b>Zeitung</b>.;Я читаю <b>газету</b> каждое утро.;;;;;
der Zuschauer;зритель;Die <b>Zuschauer</b> applaudierten am Ende des Konzerts.;<b>Зрители</b> аплодировали в конце концерта.;;;;;
langweilig;скучный;Der Film war sehr <b>langweilig</b>. ;Фильм был очень <b>скучным</b>.;;;;;
die Sendung;передача;Die neue <b>Sendung</b> läuft heute Abend im Fernsehen.;Новая <b>передача</b> идет сегодня вечером по телевизору.;;;;;

zuvor;до того;Wir haben uns schon lange <b>zuvor</b> getroffen.;Мы встретились еще задолго <b>до того</b>.;;;;;
das Schloss;замок;In Bayern gibt es ein berühmtes <b>Schloss</b>.;В Баварии есть знаменитый <b>замок</b>.;;;;;
erwarten;ожидать;Ich habe das nicht <b>erwartet</b>.;Я этого не <b>ожидал</b>.;;;;;
farbig;цветной;Die Zeichnung ist sehr <b>farbig</b>.;Рисунок очень <b>цветной</b>.;;;;;
beeindruckend;впечатляющий;Die Aussicht war wirklich <b>beeindruckend</b>.;Вид был действительно <b>впечатляющим</b>.;;;;;
beeindrucken;впечатлять;Der Film hat mich sehr <b>beeindruckt</b>.;Фильм меня сильно <b>впечатлил</b>.;;;;;
der Eindruck;впечатление;Mein erster <b>Eindruck</b> war positiv.;Мое первое <b>впечатление</b> было положительным.;;;;;
verschwenden;растрачивать;Wir sollten keine Zeit <b>verschwenden</b>.;Мы не должны <b>растрачивать</b> время.;;;;
die Prominente;знаменитость;Die <b>Prominente</b> gab ein Interview im Fernsehen.;<b>Знаменитость</b> дала интервью на телевидении.;;;;
vorstellen + <i>Dat</i>;представлять;Ich kann mir das gut <b>vorstellen</b>.;Я могу это хорошо <b>представить себе</b>.;;;;;
das Gemälde;картина, произведение художественного искусства;Das <b>Gemälde</b> im Museum ist sehr alt und wertvoll.;<b>Картина</b> в музее очень старая и ценная.;;;;
überrascht;удивленный;Ich war sehr <b>überrascht</b>.;Я был очень <b>удивлен</b>.;;;;;
erstaunt;изумленный;Sie war über die Nachricht <b>erstaunt</b>.;Она была <b>изумлена</b> новостью.;;;;;
erfahren;узнавать, испытывать;Ich habe erst gestern davon <b>erfahren</b>.;Я об этом <b>узнал</b> только вчера.;;;;;
der Druck;давление;Der <b>Druck</b> im Reifen ist zu niedrig.;<b>Давление</b> в шине слишком низкое.;;;;;
bestimmt;определенно, definitely, определенный;Das ist <b>bestimmt</b> die richtige Antwort.;Это <b>определенно</b> правильный ответ.;;;;;
rechtzeitig;вовремя;Er kam <b>rechtzeitig</b> zum Bahnhof.;Он пришёл <b>вовремя</b> на вокзал.;;;;;
rausgehen;выходить наружу, уходить;Am Wochenende wollen wir öfter <b>rausgehen</b>.;На выходных мы хотим чаще <b>выходить наружу</b>.;;;;;
plötzlich;внезапно;Es hat <b>plötzlich</b> angefangen zu regnen.;<b>Внезапно</b> начался дождь.;;;;;
wahrscheinlich;вероятно;Er kommt <b>wahrscheinlich</b> morgen.;Он придет <b>вероятно</b> завтра.;;;;;
vermuten;предполагать;Die Ärzte <b>vermuten</b> eine Infektion.;Врачи <b>предполагают</b> инфекцию.;;;;;
die Vermutung;предположение;Seine <b>Vermutung</b> war richtig.;Его <b>предположение</b> оказалось правильным.;;;;;

im Lauf;в течение (продолжительно);Ich habe viel gelernt <b>im Laufe</b> des Jahres.;Я многому научился <b>в течение</b> года.;;;;;
aufhören;прекращать;Ich will mit dem Rauchen <b>aufhören</b>.;Я хочу <b>прекратить</b> курить.;;;;;
einmal;однажды;<b>Einmal</b> werde ich nach Japan reisen.;<b>Однажды</b> я поеду в Японию.;;;;;
entspannt;расслабленный;Nach dem Urlaub fühle ich mich sehr <b>entspannt</b>.;После отпуска я чувствую себя очень <b>расслабленным</b>.;;;;;
die Rückmeldung;обратная связь, фидбек;Ich habe eine positive <b>Rückmeldung</b> bekommen.;Я получил положительную <b>обратную связь</b>.;;;;;
schätzen;ценить, дорожить;Ich <b>schätze</b> deine Hilfe sehr.;Я очень <b>ценю</b> твою помощь.;;;;;
allerdings;однако;<b>Allerdings</b> habe ich keine Zeit heute.;<b>Однако</b> у меня сегодня нет времени.;;;;;
vorkommen;случаться, происходить;So etwas kann <b>vorkommen</b>.;Такое может <b>случиться</b>.;;;;;
weit;далеко, широкий;Der Weg zum See ist sehr <b>weit</b>.;Дорога к озеру очень <b>далекая</b>.;;;;;

das Ziel, der Zweck;цель;Mein <b>Ziel</b> ist es, Deutsch gut zu lernen.;Моя <b>цель</b> — хорошо выучить немецкий.;;;;;
die Auswirkung;последствие;Die <b>Auswirkungen</b> des Klimawandels sind deutlich.;<b>Последствия</b> изменения климата очевидны.;;;;;
das Ereignis;событие;Das war ein wichtiges <b>Ereignis</b> in meinem Leben.;Это было важное <b>событие</b> в моей жизни.;;;;;
die Belastung;нагрузка;Die Arbeit ist eine große <b>Belastung</b> für ihn.;Работа — это большая <b>нагрузка</b> для него.;;;;;
der Anfang;начало;<b>Am Anfang</b> war es schwer.;<b>В начале</b> было трудно.;;;;;
sich leisten;позволить себе;Ich kann mir kein neues Auto <b>leisten</b>.;Я не могу себе <b>позволить</b> новую машину.;;;;;
entfernt;на расстоянии;Er wohnt weit <b>entfernt</b> von hier.;Он живёт <b>на расстоянии</b> отсюда.;;;;;
die Freiheit;свобода;Menschen lieben ihre <b>Freiheit</b>.;Люди любят свою <b>свободу</b>.;;;;;
die Fläche;площадь, поверхность;Die <b>Fläche</b> des Zimmers ist 20 Quadratmeter.;<b>Площадь</b> комнаты составляет 20 квадратных метров.;;;;
die Nachfrage;спрос;Die <b>Nachfrage</b> nach Elektroautos steigt.;<b>Спрос</b> на электромобили растёт.;;;;;
der Überblick;обзор, общее представление;Ich brauche einen <b>Überblick</b> über die Aufgaben.;Мне нужен <b>обзор</b> задач.;;;;
das Bedürfnis;потребность;Ich habe ein <b>Bedürfnis</b> nach Ruhe.;У меня есть <b>потребность</b> в отдыхе.;;;;;
das Gleichgewicht halten;сохранять равновесие;Beim Yoga lernt man, das <b>Gleichgewicht</b> zu <b>halten</b>.;На йоге учатся <b>сохранять равновесие</b>.;;;;;

suchen nach + <i>Dat</i>;искать что-либо;Ich muss <b>nach</b> meinem Schlüssel <b>suchen</b>.;Мне нужно <b>искать</b> мой ключ.;;;;
finden;находить;Ich kann meinen Schlüssel nicht <b>finden</b>.;Я не могу <b>найти</b> свой ключ.;;;;
die Störung;нарушение;Entschuldigung für die <b>Störung</b>.;Извините за <b>беспокойство</b>.;;;;;
überfordert;перегруженный;Ich fühle mich <b>überfordert</b> von der Arbeit.;Я чувствую себя <b>перегруженным</b> из-за работы.;;;;;
leiden <b>an</b>/<b>unter</b>;страдать от чего-то/чем-то;Er <b>leidet an</b> Kopfschmerzen.;Он <b>страдает от</b> головной боли.;;;;;
deutlich;очевидно, внятно;Er spricht sehr <b>deutlich</b>.;Он говорит очень <b>внятно</b>.;;;;;
die Beziehung;отношение (между людьми);Ich habe eine gute <b>Beziehung</b> zu meinen Kollegen.;У меня хорошие <b>отношения</b> с коллегами.;;;;;
das Verhältnis;отношение (к чему-то);Das <b>Verhältnis</b> zwischen den Kollegen ist gut.;<b>Отношения</b> между коллегами хорошие.;;;;
das Gefühl;чувство;Ich habe das <b>Gefühl</b>, dass etwas nicht stimmt.;У меня <b>чувство</b>, что что-то не так.;;;;;
oberflächlich;поверхностно;Er ist nur <b>oberflächlich</b> interessiert.;Он интересуется лишь <b>поверхностно</b>.;;;;;
unbedingt;обязательно;Ich will das <b>unbedingt</b> sehen!;Я <b>обязательно</b> хочу это увидеть!;;;;;
stören + <i>Akk</i>;мешать;Kann ich dich kurz <b>stören</b>?;Могу я тебе немного <b>помешать</b>?;;;;;
sich vertiefen;углубляться;Ich möchte mich in das Thema <b>vertiefen</b>.;Я хочу <b>углубиться</b> в эту тему.;;;;

die Prüfung bestehen;сдавать экзамен;Er hat die <b>Prüfung bestanden</b>.;Он <b>сдал экзамен</b>.;;;;;
der Vorteil;преимущество;Ein Auto hat den <b>Vorteil</b>, dass man flexibel ist.;У автомобиля есть <b>преимущество</b> — можно быть гибким.;;;;;
der Nachteil;недостаток;Ein großer <b>Nachteil</b> dieser Wohnung ist der Preis.;Большой <b>недостаток</b> этой квартиры — цена.;;;;;
abwechslungsreich;полный разнообразия;Sein Job ist sehr <b>abwechslungsreich</b>.;Его работа очень <b>разнообразная</b>.;;;;;
arm;бедный;Er ist sehr <b>arm</b> und hat kein Geld.;Он очень <b>бедный</b> и у него нет денег.;;;;;
reich;богатый;Sie ist <b>reich</b> und reist oft.;Она <b>богатая</b> и часто путешествует.;;;;;
verdienen;зарабатывать;Er <b>verdient</b> viel Geld.;Он <b>зарабатывает</b> много денег.;;;;;
die Schwierigkeit;сложность;Ich hatte große <b>Schwierigkeiten</b> mit der Aufgabe.;У меня были большие <b>трудности</b> с заданием.;;;;;
die Bewegung;движение;Mehr <b>Bewegung</b> ist gut für die Gesundheit.;Больше <b>движения</b> полезно для здоровья.;;;;;
das Geschirr;посудa;Ich muss das <b>Geschirr</b> spülen.;Мне нужно помыть <b>посуду</b>.;;;;;
die Verantwortung;ответственность;Er trägt große <b>Verantwortung</b> in seiner Arbeit.;Он несёт большую <b>ответственность</b> на работе.;;;;;
die Wirkung;влияние;Das Medikament hat eine starke <b>Wirkung</b>.;Это лекарство оказывает сильное <b>влияние</b>.;;;;;
die Auswirkung;последствие;Die <b>Auswirkungen</b> des Klimawandels sind ernst.;<b>Последствия</b> изменения климата серьёзны.;;;;;
wirken auf;влиять на что-то;Kaffee <b>wirkt auf</b> den Körper.;Кофе <b>влияет на</b> организм.;;;;;
körperlich;физически;Er arbeitet <b>körperlich</b> sehr hart.;Он работает <b>физически</b> очень тяжело.;;;;;
die Belastung;нагрузка;Diese Arbeit ist eine große <b>Belastung</b> für mich.;Эта работа — большая <b>нагрузка</b> для меня.;;;;;
die Eigenschaft;качество, свойство;Ehrlichkeit ist eine gute <b>Eigenschaft</b>.;Честность — это хорошее <b>качество</b>.;;;;;
die Schlagfertigkeit;находчивость;Er bewundert ihre <b>Schlagfertigkeit</b> in Diskussionen.;Он восхищается её <b>находчивостью</b> в дискуссиях.;;;;;
die Flexibilität;гибкость;In diesem Beruf braucht man <b>Flexibilität</b>.;В этой профессии нужна <b>гибкость</b>.;;;;;
anstrengend;напряжённый;Die Arbeit im Krankenhaus ist sehr <b>anstrengend</b>.;Работа в больнице очень <b>напряжённая</b>.;;;;;
begeistern;вдохновлять;Das Konzert hat mich sehr <b>begeistert</b>.;Концерт меня очень <b>вдохновил</b>.;;;;;
anerkennen;признавать;Die Firma <b>erkennt</b> seine Leistung <b>an</b>.;Компания <b>признаёт</b> его достижения.;;;;;
erleben;переживать, испытывать;Ich möchte dieses Abenteuer <b>erleben</b>.;Я хочу <b>пережить</b> это приключение.;;;;;
das Erlebnis;впечатление, событие;Der Urlaub war ein tolles <b>Erlebnis</b>.;Отпуск был замечательным <b>впечатлением</b>.;;;;;
beschäftigt sein;быть занятым;Ich bin heute sehr <b>beschäftigt</b>.;Я сегодня очень <b>занят</b>.;;;;;
die Welt;мир;Die <b>Welt</b> ist groß und vielfältig.;<b>Мир</b> большой и разнообразный.;;;;;
die Bedingung;условие;Unter dieser <b>Bedingung</b> mache ich es.;Я сделаю это при этом <b>условии</b>.;;;;;
gleich;одинаковый;Die beiden Bilder sind <b>gleich</b>.;Обе картины <b>одинаковые</b>.;;;;;
erledigen;выполнять;Ich muss noch meine Arbeit <b>erledigen</b>.;Мне нужно ещё <b>выполнить</b> свою работу.;;;;;
die Beschäftigung;занятость;Er sucht eine neue <b>Beschäftigung</b>.;Он ищет новую <b>занятость</b>.;;;;;
vor kurzem;недавно;Ich habe ihn <b>vor kurzem</b> gesehen.;Я видел его <b>недавно</b>.;;;;;
bemerkbar;заметный;Die Temperaturänderung ist kaum <b>bemerkbar</b>.;Изменение температуры едва ли <b>заметно</b>.;;;;

selten;редко;Ich esse <b>selten</b> Fleisch.;Я ем мясо <b>редко</b>.;;;;;
erlauben;разрешать;Meine Eltern <b>erlauben</b> mir das nicht.;Мои родители мне это не <b>разрешают</b>.;;;;;
entweder ... oder;либо ... либо;Du kannst <b>entweder</b> Tee <b>oder</b> Kaffee trinken.;Ты можешь пить <b>либо</b> чай, <b>либо</b> кофе.;;;;;
träumen + <b>von</b> <i>Dat</i>;мечтать о чём-то;Ich <b>träume von</b> einer Reise nach Japan.;Я <b>мечтаю о</b> поездке в Японию.;;;;;
verfilmen;снимать (фильмы, видео);Der Regisseur möchte den Roman <b>verfilmen</b>.;Режиссер хочет <b>экранизировать</b> этот роман.;;;;
der Zeitpunkt;момент;Der <b>Zeitpunkt</b> war günstig.;<b>Момент</b> был удачный.;;;;;
zu einem günstigen Zeitpunkt;в подходящий момент;Er kam <b>zu einem günstigen Zeitpunkt</b>.;Он пришёл <b>в подходящий момент</b>.;;;;;
hüten;беречь, охранять, пасти;Der Hund hilft dem Schäfer, die Schafe zu <b>hüten</b>.;Собака помогает пастуху <b>пасти</b> овец.;;;;
der Angestellte;сотрудник;Ein <b>Angestellter</b> hilft Ihnen weiter.;Вам поможет <b>сотрудник</b>.;;;;;
das Schaf;овца;Auf der Weide stehen viele <b>Schafe</b>.;На лугу стоит много <b>овец</b>.;;;;;
die Kuh (die Kühe);корова;Ich brauche etwas <b>Ruhe</b>.;Мне нужно немного <b>покоя</b>.;;;;;
die Ziege (die Ziegen);коза;Die <b>Ziegen</b> fressen gerne Gras und Blätter.;<b>Козы</b> охотно едят траву и листья.;;;;
gelingen;удаваться;Der Plan ist ihm gut <b>gelungen</b>.;План ему хорошо <b>удался</b>.;;;;;
insgesamt;в общем и целом;<b>Insgesamt</b> war die Reise schön.;<b>В целом</b> поездка была хорошей.;;;;;
das Standbein;опора;Der Tänzer wechselt schnell vom einen <b>Standbein</b> auf das andere.;Танцор быстро переносит вес с одной <b>опорной ноги</b> на другую.;;;;
abwechslungsreich;изменчивый;Die Arbeit ist sehr <b>abwechslungsreich</b>.;Работа очень <b>изменчивая</b>.;;;;;
die Forschung;научное исследование;Die <b>Forschung</b> hat neue Ergebnisse gebracht.;<b>Исследование</b> принесло новые результаты.;;;;;
die Untersuchung;исследование;Die <b>Untersuchung</b> dauert noch.;<b>Исследование</b> ещё продолжается.;;;;;
erfüllen;выполнять, исполнять;Er hat seine Pflicht <b>erfüllt</b>.;Он <b>выполнил</b> свой долг.;;;;;
die Herde;стадо;Eine <b>Herde</b> Schafe läuft über die Straße.;<b>Стадо</b> овец идёт по дороге.;;;;;
bereuen;сожалеть;Ich <b>bereue</b> meine Entscheidung nicht.;Я не <b>сожалею</b> о своём решении.;;;;;
tauschen;меняться, обмениваться;Wir können Plätze <b>tauschen</b>.;Мы можем <b>поменяться</b> местами.;;;;;
ändern, verändern;менять, изменять (переносно);Ich möchte mein Leben <b>verändern</b>.;Я хочу <b>изменить</b> свою жизнь.;;;;;
wechseln;менять, обменивать (физически);Ich muss das Hemd <b>wechseln</b>, weil es schmutzig ist.;Мне нужно <b>поменять</b> рубашку, потому что она грязная.;;;;
